well,n_days,n_large_shifts,max_shift_px,median_shift_px,min_overlap_fraction,classification
K20,9,8,1431.3,701.6,0.5009414225941423,high_drift_or_erratic
L19,9,8,1430.6,465.8,0.5011854951185495,high_drift_or_erratic
D06,9,8,1426.5,867.9,0.5026150627615062,high_drift_or_erratic
J18,9,8,1423.0,913.3,0.5038354253835425,high_drift_or_erratic
E15,9,8,1421.3,981.7,0.5044281729428173,high_drift_or_erratic
L16,9,8,1420.5,384.6,0.5047071129707112,high_drift_or_erratic
F12,9,8,1415.4,618.0,0.5064853556485356,high_drift_or_erratic
D05,9,8,1404.0,569.5,0.5104602510460251,high_drift_or_erratic
I12,9,8,1403.9,713.5,0.5104951185495118,high_drift_or_erratic
C12,9,8,1403.5,777.7,0.5106345885634589,high_drift_or_erratic
H19,9,8,1401.8,846.3,0.5112273361227336,high_drift_or_erratic
F18,9,8,1400.1,742.3,0.5118200836820084,high_drift_or_erratic
L08,9,8,1397.9,653.2,0.5125871687587169,high_drift_or_erratic
E09,9,8,1394.5,776.8,0.5137726638772664,high_drift_or_erratic
M16,9,8,1388.3,589.5,0.515934449093445,high_drift_or_erratic
D15,9,8,1378.2,570.9,0.5194560669456066,high_drift_or_erratic
G18,9,8,1376.9,931.2,0.5199093444909344,high_drift_or_erratic
L18,9,8,1366.0,362.8,0.5237099023709902,high_drift_or_erratic
E11,9,8,1355.7,972.0,0.5273012552301255,high_drift_or_erratic
L15,9,8,1355.6,583.5,0.5273361227336123,high_drift_or_erratic
F07,9,8,1351.3,787.8,0.5288354253835426,high_drift_or_erratic
M14,9,8,1348.0,562.4,0.5299860529986054,high_drift_or_erratic
F13,9,8,1347.4,597.4,0.5301952580195258,high_drift_or_erratic
N10,9,8,1343.3,1103.6,0.5316248256624826,high_drift_or_erratic
C20,9,8,1342.5,388.7,0.5319037656903766,high_drift_or_erratic
M09,9,8,1341.4,505.8,0.5322873082287308,high_drift_or_erratic
F19,9,8,1331.1,507.1,0.5358786610878661,high_drift_or_erratic
M13,9,8,1327.1,600.6,0.5372733612273362,high_drift_or_erratic
E13,9,8,1325.2,599.9,0.5379358437935843,high_drift_or_erratic
I18,9,8,1325.0,427.2,0.5380055788005579,high_drift_or_erratic
F16,9,8,1313.9,647.9,0.5418758716875871,high_drift_or_erratic
J08,9,8,1312.3,480.1,0.5424337517433753,high_drift_or_erratic
F05,9,8,1303.6,522.8,0.5454672245467225,high_drift_or_erratic
H06,9,8,1296.3,969.6,0.5480125523012553,high_drift_or_erratic
L14,9,8,1294.4,640.7,0.5486750348675035,high_drift_or_erratic
N05,9,8,1287.2,795.4,0.5511854951185494,high_drift_or_erratic
K14,9,8,1268.1,694.9,0.5578451882845189,high_drift_or_erratic
K18,9,8,1256.6,272.8,0.5618549511854951,high_drift_or_erratic
N18,9,8,1253.5,627.3,0.5629358437935844,high_drift_or_erratic
G15,9,8,1240.9,670.0,0.5673291492329149,high_drift_or_erratic
M18,9,8,1238.4,780.2,0.5682008368200837,high_drift_or_erratic
D16,9,8,1221.7,860.0,0.574023709902371,high_drift_or_erratic
I07,9,8,1219.1,902.7,0.5749302649930266,high_drift_or_erratic
L17,9,8,1214.6,509.3,0.5764993026499303,high_drift_or_erratic
H14,9,8,1205.4,626.7,0.5797071129707113,high_drift_or_erratic
D20,9,8,1197.7,911.3,0.582391910739191,high_drift_or_erratic
D12,9,8,1196.4,946.9,0.5828451882845188,high_drift_or_erratic
E19,9,8,1149.4,289.9,0.5992329149232914,high_drift_or_erratic
K12,9,8,1146.9,720.8,0.6001046025104603,high_drift_or_erratic
E20,9,8,1145.0,680.3,0.6007670850767085,high_drift_or_erratic
K15,9,8,1135.9,496.1,0.6039400278940028,high_drift_or_erratic
D14,9,8,1132.5,331.8,0.6051255230125523,high_drift_or_erratic
C06,9,8,1130.1,421.9,0.6059623430962343,high_drift_or_erratic
G05,9,8,1122.3,461.4,0.6086820083682009,high_drift_or_erratic
M11,9,8,1108.8,673.4008984252991,0.6133891213389122,high_drift_or_erratic
E14,9,8,1059.0,391.3,0.6307531380753139,high_drift_or_erratic
I14,9,8,1054.8,442.4,0.6322175732217574,high_drift_or_erratic
G10,9,8,1049.9,598.6,0.633926080892608,high_drift_or_erratic
J15,9,8,1041.5,470.2,0.6368549511854951,high_drift_or_erratic
G13,9,8,1009.4,267.4,0.648047419804742,high_drift_or_erratic
G07,9,8,999.3,416.5,0.6515690376569039,high_drift_or_erratic
J05,9,8,964.8,671.1,0.6635983263598327,high_drift_or_erratic
N06,9,8,958.7,582.4,0.6657252440725243,high_drift_or_erratic
K17,9,8,860.2,539.0,0.7000697350069734,high_drift_or_erratic
N09,9,8,829.0,415.5,0.7109483960948396,high_drift_or_erratic
H09,9,7,1428.1,732.2,0.5020571827057183,high_drift_or_erratic
C09,9,7,1426.9,408.4,0.5024755927475593,high_drift_or_erratic
J06,9,7,1426.2,764.3,0.5027196652719665,high_drift_or_erratic
K06,9,7,1421.6,421.3,0.5043235704323571,high_drift_or_erratic
C15,9,7,1421.0,1059.3,0.5045327754532776,high_drift_or_erratic
J11,9,7,1418.2,520.1011632365381,0.5055090655509066,high_drift_or_erratic
N17,9,7,1411.6,471.1,0.507810320781032,high_drift_or_erratic
G12,9,7,1402.0,549.8,0.5111576011157601,high_drift_or_erratic
F20,9,7,1401.5,860.4,0.5113319386331938,high_drift_or_erratic
K16,9,7,1400.4,689.8,0.5117154811715481,high_drift_or_erratic
N07,9,7,1394.4,427.4,0.5138075313807531,high_drift_or_erratic
L20,9,7,1393.0,966.3,0.5142956764295676,high_drift_or_erratic
I05,9,7,1383.5,546.3,0.5176080892608089,high_drift_or_erratic
C19,9,7,1366.8,479.0,0.5234309623430963,high_drift_or_erratic
F11,9,7,1366.1,1148.3,0.5236750348675036,high_drift_or_erratic
E10,9,7,1355.9,438.0,0.527231520223152,high_drift_or_erratic
M12,9,7,1341.7,808.8,0.5321827057182705,high_drift_or_erratic
H10,9,7,1341.2,336.8,0.5323570432357042,high_drift_or_erratic
E18,9,7,1332.7,334.4,0.535320781032078,high_drift_or_erratic
J10,9,7,1332.7,702.7,0.535320781032078,high_drift_or_erratic
M15,9,7,1330.1,766.4,0.5362273361227337,high_drift_or_erratic
F14,9,7,1327.2,263.4,0.5372384937238494,high_drift_or_erratic
H18,9,7,1326.0,243.5,0.5376569037656904,high_drift_or_erratic
E17,9,7,1325.4,597.7,0.5378661087866109,high_drift_or_erratic
N14,9,7,1320.8,549.5,0.5394700139470014,high_drift_or_erratic
I06,9,7,1316.8,930.2,0.5408647140864715,high_drift_or_erratic
G14,9,7,1303.6,616.0,0.5454672245467225,high_drift_or_erratic
C17,9,7,1302.4,703.3,0.5458856345885634,high_drift_or_erratic
I13,9,7,1300.5,439.1,0.5465481171548117,high_drift_or_erratic
C16,9,7,1294.3,434.1,0.5487099023709903,high_drift_or_erratic
H17,9,7,1294.2,579.3,0.548744769874477,high_drift_or_erratic
D18,9,7,1291.3,571.7,0.5497559274755928,high_drift_or_erratic
L07,9,7,1289.8,596.6,0.5502789400278941,high_drift_or_erratic
K13,9,7,1275.2,510.9,0.5553695955369595,high_drift_or_erratic
H20,9,7,1266.5,843.3,0.5584030683403068,high_drift_or_erratic
G17,9,7,1256.9,170.0,0.5617503486750348,high_drift_or_erratic
F17,9,7,1256.7,604.5,0.5618200836820083,high_drift_or_erratic
C11,9,7,1251.4,274.9,0.5636680613668061,high_drift_or_erratic
G19,9,7,1239.5,919.7,0.5678172942817294,high_drift_or_erratic
J12,9,7,1230.7,692.3,0.5708856345885633,high_drift_or_erratic
J09,9,7,1225.9,281.2,0.5725592747559275,high_drift_or_erratic
H16,9,7,1208.0,207.1,0.5788005578800558,high_drift_or_erratic
L09,9,7,1206.8,485.7,0.5792189679218969,high_drift_or_erratic
M10,9,7,1197.9,379.3,0.5823221757322176,high_drift_or_erratic
M08,9,7,1195.5,333.8,0.5831589958158996,high_drift_or_erratic
F15,9,7,1190.2,529.2,0.5850069735006973,high_drift_or_erratic
I09,9,7,1188.8,507.5,0.585495118549512,high_drift_or_erratic
G09,9,7,1183.1,549.8,0.5874825662482567,high_drift_or_erratic
J20,9,7,1182.5,543.9,0.5876917712691772,high_drift_or_erratic
C05,9,7,1150.1,226.8,0.5989888423988843,high_drift_or_erratic
M05,9,7,1146.0,279.9,0.600418410041841,high_drift_or_erratic
M07,9,7,1129.7,229.1,0.6061018131101813,high_drift_or_erratic
I10,9,7,1114.5,728.0,0.6114016736401674,high_drift_or_erratic
D09,9,7,1111.9,658.1,0.6123082287308228,high_drift_or_erratic
L11,9,7,1110.1,302.7,0.6129358437935845,high_drift_or_erratic
D19,9,7,1085.8,453.3,0.6214086471408647,high_drift_or_erratic
C13,9,7,1081.1,613.3,0.623047419804742,high_drift_or_erratic
E12,9,7,1077.7,745.2,0.6242329149232915,high_drift_or_erratic
H13,9,7,1073.5,512.6,0.625697350069735,high_drift_or_erratic
G16,9,7,1061.8,250.0,0.6297768479776849,high_drift_or_erratic
L05,9,7,1061.5,701.1,0.629881450488145,high_drift_or_erratic
D17,9,7,990.2,508.5,0.654741980474198,high_drift_or_erratic
F08,9,7,984.3,638.8,0.6567991631799164,high_drift_or_erratic
D11,9,7,980.8,484.5,0.6580195258019527,high_drift_or_erratic
I20,9,7,959.4,187.5,0.6654811715481171,high_drift_or_erratic
I17,9,7,934.4,465.9,0.6741980474198047,high_drift_or_erratic
N12,9,7,903.2,339.9,0.6850767085076708,high_drift_or_erratic
H11,9,7,897.2,274.0,0.6871687587168758,high_drift_or_erratic
L13,9,7,884.2,342.0,0.6917015341701533,high_drift_or_erratic
N13,9,7,851.9,351.5,0.7029637377963738,high_drift_or_erratic
C10,9,7,849.2,251.0,0.703905160390516,high_drift_or_erratic
C08,9,7,839.5,194.3,0.7072873082287309,high_drift_or_erratic
I19,9,7,792.4,356.8,0.7237099023709902,high_drift_or_erratic
M19,9,7,757.2,288.8,0.7359832635983264,high_drift_or_erratic
N11,9,6,1430.9,716.2,0.5010808926080892,high_drift_or_erratic
D13,9,6,1408.2,470.5,0.5089958158995815,high_drift_or_erratic
G08,9,6,1400.8,103.3,0.5115760111576012,high_drift_or_erratic
D07,9,6,1398.0,198.0,0.5125523012552301,high_drift_or_erratic
L10,9,6,1382.6,339.5,0.5179218967921897,high_drift_or_erratic
E06,9,6,1379.3,306.8,0.5190725244072525,high_drift_or_erratic
K19,9,6,1347.1,887.3,0.5302998605299861,high_drift_or_erratic
N15,9,6,1345.1,363.9,0.530997210599721,high_drift_or_erratic
K05,9,6,1340.3,232.7,0.5326708507670851,high_drift_or_erratic
I16,9,6,1320.9,215.1,0.5394351464435146,high_drift_or_erratic
D08,9,6,1294.0,409.1,0.5488145048814504,high_drift_or_erratic
M20,9,6,1271.0,312.9,0.5568340306834031,high_drift_or_erratic
K10,9,6,1233.2,849.0,0.5700139470013946,high_drift_or_erratic
C18,9,6,1230.9,382.3,0.57081589958159,high_drift_or_erratic
H08,9,6,1190.4,847.5,0.5849372384937238,high_drift_or_erratic
G06,9,6,1176.8,429.2,0.589679218967922,high_drift_or_erratic
N20,9,6,1173.2,746.1,0.5909344490934448,high_drift_or_erratic
F10,9,6,1172.0,447.1,0.5913528591352859,high_drift_or_erratic
J13,9,6,1165.0,165.6,0.5937935843793585,high_drift_or_erratic
H12,9,6,1149.1,292.5,0.5993375174337517,high_drift_or_erratic
M17,9,6,1127.8,417.1,0.6067642956764296,high_drift_or_erratic
E08,9,6,1117.9,150.1,0.6102161785216178,high_drift_or_erratic
N16,9,6,1115.9,274.3,0.6109135285913528,high_drift_or_erratic
J17,9,6,1102.3,212.3,0.615655509065551,high_drift_or_erratic
F09,9,6,1022.7,184.6,0.6434100418410041,high_drift_or_erratic
H07,9,6,1022.4,234.9,0.6435146443514644,high_drift_or_erratic
K11,9,6,1017.7,458.7,0.6451534170153417,high_drift_or_erratic
L06,9,6,950.2,498.5,0.6686889818688981,high_drift_or_erratic
M06,9,6,944.4,156.1,0.6707112970711296,high_drift_or_erratic
N19,9,6,919.7,211.9,0.679323570432357,high_drift_or_erratic
N08,9,6,910.7,279.5,0.6824616457461645,high_drift_or_erratic
I11,9,6,591.2,237.6,0.793863319386332,high_drift_or_erratic
G11,9,5,1430.0,638.3,0.50139470013947,high_drift_or_erratic
L12,9,5,1427.0,542.7,0.5024407252440726,high_drift_or_erratic
E16,9,5,1422.0,158.3,0.50418410041841,high_drift_or_erratic
G20,9,5,1411.9,103.4,0.5077057182705718,high_drift_or_erratic
K09,9,5,1400.1,113.2,0.5118200836820084,high_drift_or_erratic
E05,9,5,1374.8,218.1,0.5206415620641562,high_drift_or_erratic
C14,9,5,1371.7,169.1,0.5217224546722454,high_drift_or_erratic
K08,9,5,1353.5,259.2,0.528068340306834,high_drift_or_erratic
I15,9,5,1325.0,139.7,0.5380055788005579,high_drift_or_erratic
J16,9,5,1235.9,405.5,0.5690725244072524,high_drift_or_erratic
J07,9,5,1196.1,295.9,0.5829497907949791,high_drift_or_erratic
H15,9,5,1184.9,105.5,0.5868549511854951,high_drift_or_erratic
J14,9,5,1040.6,147.2,0.637168758716876,high_drift_or_erratic
F06,9,5,852.1,565.7,0.7028940027894003,high_drift_or_erratic
J19,9,5,786.0,146.7,0.7259414225941423,high_drift_or_erratic
I08,9,4,1353.3,98.1,0.5281380753138076,high_drift_or_erratic
H05,9,4,1064.4,97.6,0.6288702928870292,high_drift_or_erratic
K07,9,4,1037.4,56.0,0.6382845188284518,high_drift_or_erratic
D10,9,4,861.7,94.1,0.6995467224546722,high_drift_or_erratic
C07,9,3,1303.8341957472967,1.9,0.4604152442475913,high_drift_or_erratic
E07,9,1,1376.0569065267614,0.5099019513592785,0.4368973198220541,one_bad_day
