well,condition,day,method,t,dy,dx,post_corr,overlap
C05,unknown,8,A_cli,0,0.0,0.0,1.0,1.0
C05,unknown,12,A_cli,1,0.0,1149.8,0.009128153443228162,0.5990934449093446
C05,unknown,16,A_cli,2,257.2,0.0,0.00271074930227598,0.9103207810320781
C05,unknown,20,A_cli,3,-80.7,0.0,0.003544569834227365,0.9718619246861925
C05,unknown,25,A_cli,4,-294.1,0.0,-0.004741419920622739,0.8974546722454673
C05,unknown,29,A_cli,5,0.0,894.1,0.005155715464084702,0.6882496513249652
C05,unknown,32,A_cli,6,133.8,0.0,0.0014852261941446679,0.953347280334728
C05,unknown,36,A_cli,7,0.0,219.1,0.005446153682558438,0.92360529986053
C05,unknown,39,A_cli,8,-226.6,0.0,-0.006183892348614457,0.9209902370990237
C05,unknown,8,B_pilot,0,0.0,0.0,1.0,1.0
C05,unknown,12,B_pilot,1,-36.0,-132.0,0.17881323206136665,0.9420003151205336
C05,unknown,16,B_pilot,2,-23.0,-39.0,0.15969547342256124,0.9784911999673208
C05,unknown,20,B_pilot,3,-7.0,-152.0,0.11884951938445538,0.9446900244899229
C05,unknown,25,B_pilot,4,74.0,13.0,0.09671533380745677,0.9697822264238294
C05,unknown,29,B_pilot,5,56.0,-12.0,0.09183392206426853,0.9763717955451293
C05,unknown,32,B_pilot,6,507.0,-173.0,0.05968008315200392,0.7735643779579022
C05,unknown,36,B_pilot,7,-41.0,-186.0,0.06473941171641147,0.9217778925438981
C05,unknown,39,B_pilot,8,890.0,-135.0,0.03748155422501224,0.6572152389955824
C05,unknown,8,stable_subpixel,0,0.0,0.0,1.0,1.0
C05,unknown,12,stable_subpixel,1,-920.0,919.0,-0.00025376900241074065,0.4615752330822095
C05,unknown,16,stable_subpixel,2,921.05,0.95,0.005819194250238746,0.6786279950431735
C05,unknown,20,stable_subpixel,3,0.15,0.15,-0.0016658586079108357,0.999895400224961
C05,unknown,25,stable_subpixel,4,-0.9,918.85,0.0037138703049350357,0.6794066743550241
C05,unknown,29,stable_subpixel,5,0.15,1.0,0.006524078119958329,0.9995990419460444
C05,unknown,32,stable_subpixel,6,0.95,-920.1,-0.009178675239541094,0.6789591266055099
C05,unknown,36,stable_subpixel,7,1.0,-920.75,-0.017200926264822353,0.6787207261291333
C05,unknown,39,stable_subpixel,8,-0.15,0.3,0.0038554049062156587,0.9998431017051521
E05,PLD3_mCherry_reporter_control,8,A_cli,0,0.0,0.0,1.0,1.0
E05,PLD3_mCherry_reporter_control,12,A_cli,1,-524.7,0.0,0.006077600581086992,0.8170502092050209
E05,PLD3_mCherry_reporter_control,16,A_cli,2,-84.0,0.0,0.007315849672014644,0.9707112970711297
E05,PLD3_mCherry_reporter_control,20,A_cli,3,70.1,0.0,0.010181802556464952,0.975557880055788
E05,PLD3_mCherry_reporter_control,25,A_cli,4,-565.7,0.0,0.007296476454325604,0.8027545327754533
E05,PLD3_mCherry_reporter_control,29,A_cli,5,35.8,0.0,0.0323526699808576,0.9875174337517433
E05,PLD3_mCherry_reporter_control,32,A_cli,6,-691.6,0.0,0.008054306263470644,0.7588563458856347
E05,PLD3_mCherry_reporter_control,36,A_cli,7,0.0,-1340.5,0.0012808256317021103,0.5326011157601116
E05,PLD3_mCherry_reporter_control,39,A_cli,8,-218.0,0.0,0.010167319802235614,0.9239888423988842
E05,PLD3_mCherry_reporter_control,8,B_pilot,0,0.0,0.0,1.0,1.0
E05,PLD3_mCherry_reporter_control,12,B_pilot,1,-39.0,-114.0,0.16254986971364108,0.9471932389138845
E05,PLD3_mCherry_reporter_control,16,B_pilot,2,-25.0,-33.0,0.14275115674811437,0.9798771467586351
E05,PLD3_mCherry_reporter_control,20,B_pilot,3,-7.0,-129.0,0.11574673951342142,0.9526899768328052
E05,PLD3_mCherry_reporter_control,25,B_pilot,4,75.0,0.0,0.09063797937975676,0.9738493723849372
E05,PLD3_mCherry_reporter_control,29,B_pilot,5,54.0,-24.0,0.08687406048424495,0.9729609075471368
E05,PLD3_mCherry_reporter_control,32,B_pilot,6,504.0,-143.0,0.04868969839050662,0.7831693539445505
E05,PLD3_mCherry_reporter_control,36,B_pilot,7,-32.0,-150.0,0.04207193754623038,0.9371247001978257
E05,PLD3_mCherry_reporter_control,39,B_pilot,8,896.0,-98.0,0.03155489239948156,0.6640922097146603
E05,PLD3_mCherry_reporter_control,8,stable_subpixel,0,0.0,0.0,1.0,1.0
E05,PLD3_mCherry_reporter_control,12,stable_subpixel,1,0.0,0.1,0.0028113427054735638,0.9999651324965133
E05,PLD3_mCherry_reporter_control,16,stable_subpixel,2,1.05,-0.2,0.018066784089389328,0.9995641817370144
E05,PLD3_mCherry_reporter_control,20,stable_subpixel,3,1.05,-1.0,0.002847128568685538,0.9992853438315155
E05,PLD3_mCherry_reporter_control,25,stable_subpixel,4,0.5,0.1,0.004365564823559875,0.9997908010577935
E05,PLD3_mCherry_reporter_control,29,stable_subpixel,5,0.8,920.1,-0.0008560633505968404,0.6789946487864942
E05,PLD3_mCherry_reporter_control,32,stable_subpixel,6,-920.1,-0.95,0.002409621010336833,0.6789591266055099
E05,PLD3_mCherry_reporter_control,36,stable_subpixel,7,-0.2,-0.05,0.008472507655319489,0.9999128324570259
E05,PLD3_mCherry_reporter_control,39,stable_subpixel,8,0.2,-0.25,0.005314825072705539,0.9998431023130236
F05,PLD3_TMEM106B_mCherry_primary,8,A_cli,0,0.0,0.0,1.0,1.0
F05,PLD3_TMEM106B_mCherry_primary,12,A_cli,1,-863.3,0.0,-0.0023818255255626075,0.6989888423988843
F05,PLD3_TMEM106B_mCherry_primary,16,A_cli,2,0.0,435.3,0.004694775376043538,0.8482217573221756
F05,PLD3_TMEM106B_mCherry_primary,20,A_cli,3,0.0,-491.8,-0.005161250574292727,0.8285216178521617
F05,PLD3_TMEM106B_mCherry_primary,25,A_cli,4,-1020.2,0.0,-0.00010978931701095521,0.6442817294281729
F05,PLD3_TMEM106B_mCherry_primary,29,A_cli,5,-103.7,0.0,0.002131549096746388,0.96384239888424
F05,PLD3_TMEM106B_mCherry_primary,32,A_cli,6,-273.5,0.0,0.009866262918525798,0.9046373779637378
F05,PLD3_TMEM106B_mCherry_primary,36,A_cli,7,0.0,-993.6,0.005189203866617594,0.6535564853556486
F05,PLD3_TMEM106B_mCherry_primary,39,A_cli,8,1303.7,0.0,-0.002653437824404881,0.5454323570432357
F05,PLD3_TMEM106B_mCherry_primary,8,B_pilot,0,0.0,0.0,1.0,1.0
F05,PLD3_TMEM106B_mCherry_primary,12,B_pilot,1,-41.0,-104.0,0.18054032000398315,0.9499605126738755
F05,PLD3_TMEM106B_mCherry_primary,16,B_pilot,2,-30.0,-29.0,0.15174673516629578,0.979533942566365
F05,PLD3_TMEM106B_mCherry_primary,20,B_pilot,3,-10.0,-116.0,0.11630766843223789,0.9562079717714248
F05,PLD3_TMEM106B_mCherry_primary,25,B_pilot,4,77.0,0.0,0.07957409289106555,0.9731520223152023
F05,PLD3_TMEM106B_mCherry_primary,29,B_pilot,5,58.0,-16.0,0.07255239557579958,0.974310868351589
F05,PLD3_TMEM106B_mCherry_primary,32,B_pilot,6,511.0,-128.0,0.04719199100317966,0.7851485832219713
F05,PLD3_TMEM106B_mCherry_primary,36,B_pilot,7,1194.0,-1400.0,0.00954376312159338,0.2987605259011572
F05,PLD3_TMEM106B_mCherry_primary,39,B_pilot,8,-966.0,1553.0,0.01673014042141851,0.30407307878596895
F05,PLD3_TMEM106B_mCherry_primary,8,stable_subpixel,0,0.0,0.0,1.0,1.0
F05,PLD3_TMEM106B_mCherry_primary,12,stable_subpixel,1,-0.9,920.95,-0.006763873106746982,0.6786746865571914
F05,PLD3_TMEM106B_mCherry_primary,16,stable_subpixel,2,-1.0,0.05,0.020533010542376873,0.9996338972921031
F05,PLD3_TMEM106B_mCherry_primary,20,stable_subpixel,3,920.95,1.0,-0.0007811678828145051,0.6786510154370157
F05,PLD3_TMEM106B_mCherry_primary,25,stable_subpixel,4,-1.0,921.05,-0.004264585402862335,0.678616160090957
F05,PLD3_TMEM106B_mCherry_primary,29,stable_subpixel,5,0.0,-921.0,0.0010824422425946823,0.6788702928870293
F05,PLD3_TMEM106B_mCherry_primary,32,stable_subpixel,6,-0.1,0.0,0.0064851391642639965,0.9999651324965133
F05,PLD3_TMEM106B_mCherry_primary,36,stable_subpixel,7,919.0,922.0,-0.004098659595055513,0.4611013365390039
F05,PLD3_TMEM106B_mCherry_primary,39,stable_subpixel,8,-0.2,0.1,-0.00030070489109509674,0.9998953999210255
I05,PLD3_mCherry_reporter_control,8,A_cli,0,0.0,0.0,1.0,1.0
I05,PLD3_mCherry_reporter_control,12,A_cli,1,-546.7,0.0,0.010026666593993191,0.8093793584379358
I05,PLD3_mCherry_reporter_control,16,A_cli,2,1089.2,0.0,-0.003751840355378224,0.6202231520223151
I05,PLD3_mCherry_reporter_control,20,A_cli,3,794.9,0.0,-0.006757247369780065,0.7228382147838215
I05,PLD3_mCherry_reporter_control,25,A_cli,4,844.0,0.0,-0.003252380826977287,0.705718270571827
I05,PLD3_mCherry_reporter_control,29,A_cli,5,0.0,-276.6,0.0040648780060583,0.9035564853556486
I05,PLD3_mCherry_reporter_control,32,A_cli,6,0.0,-1383.6,0.00908865532029708,0.5175732217573222
I05,PLD3_mCherry_reporter_control,36,A_cli,7,-115.9,0.0,0.008673153411676777,0.9595885634588563
I05,PLD3_mCherry_reporter_control,39,A_cli,8,1145.0,0.0,-0.00429369386447882,0.6007670850767085
I05,PLD3_mCherry_reporter_control,8,B_pilot,0,0.0,0.0,1.0,1.0
I05,PLD3_mCherry_reporter_control,12,B_pilot,1,-41.0,-76.0,0.17102809934654672,0.9595838463767947
I05,PLD3_mCherry_reporter_control,16,B_pilot,2,-29.0,-22.0,0.15655670911820474,0.982295137612359
I05,PLD3_mCherry_reporter_control,20,B_pilot,3,-9.0,-83.0,0.1285332918554353,0.9680127127793048
I05,PLD3_mCherry_reporter_control,25,B_pilot,4,74.0,0.0,0.09234606334783403,0.9741980474198048
I05,PLD3_mCherry_reporter_control,29,B_pilot,5,58.0,-21.0,0.07335788389018853,0.972602749718434
I05,PLD3_mCherry_reporter_control,32,B_pilot,6,504.0,-99.0,0.05110189344733782,0.7958150242467744
I05,PLD3_mCherry_reporter_control,36,B_pilot,7,-49.0,-123.0,0.050140152838173295,0.940760622187987
I05,PLD3_mCherry_reporter_control,39,B_pilot,8,749.0,1391.0,0.013325837575502104,0.3804986831073997
I05,PLD3_mCherry_reporter_control,8,stable_subpixel,0,0.0,0.0,1.0,1.0
I05,PLD3_mCherry_reporter_control,12,stable_subpixel,1,-1300.05,-2.0,0.017431858256189176,0.5463237761360388
I05,PLD3_mCherry_reporter_control,16,stable_subpixel,2,0.0,-0.2,0.011274545331205978,0.9999302649930265
I05,PLD3_mCherry_reporter_control,20,stable_subpixel,3,0.3,0.0,0.0036587465560725383,0.9998953974895397
I05,PLD3_mCherry_reporter_control,25,stable_subpixel,4,-0.2,0.0,0.0014072494787299558,0.9999302649930265
I05,PLD3_mCherry_reporter_control,29,stable_subpixel,5,-921.0,-0.95,0.010207758957845238,0.6786454230201386
I05,PLD3_mCherry_reporter_control,32,stable_subpixel,6,0.0,-0.1,0.0013963538817703717,0.9999651324965133
I05,PLD3_mCherry_reporter_control,36,stable_subpixel,7,-1280.65,-1.0,0.01099147838628063,0.5532763356636692
I05,PLD3_mCherry_reporter_control,39,stable_subpixel,8,0.0,-0.15,0.004773282216052669,0.9999476987447699
J05,PLD3_TMEM106B_mCherry_primary,8,A_cli,0,0.0,0.0,1.0,1.0
J05,PLD3_TMEM106B_mCherry_primary,12,A_cli,1,0.0,362.9,-0.004703106404555428,0.8734658298465829
J05,PLD3_TMEM106B_mCherry_primary,16,A_cli,2,0.0,701.5,-0.006258641627469852,0.7554044630404463
J05,PLD3_TMEM106B_mCherry_primary,20,A_cli,3,0.0,671.1,-0.0014378780982850562,0.7660041841004185
J05,PLD3_TMEM106B_mCherry_primary,25,A_cli,4,0.0,-930.3,-0.0011140679603601246,0.6756276150627616
J05,PLD3_TMEM106B_mCherry_primary,29,A_cli,5,0.0,-512.0,0.004534510700952308,0.8214783821478382
J05,PLD3_TMEM106B_mCherry_primary,32,A_cli,6,-796.7,0.0,0.009295250964594482,0.72221059972106
J05,PLD3_TMEM106B_mCherry_primary,36,A_cli,7,-939.2,0.0,-0.003756400227001015,0.6725244072524407
J05,PLD3_TMEM106B_mCherry_primary,39,A_cli,8,-662.7,0.0,0.0029679785204492393,0.7689330543933055
J05,PLD3_TMEM106B_mCherry_primary,8,B_pilot,0,0.0,0.0,1.0,1.0
J05,PLD3_TMEM106B_mCherry_primary,12,B_pilot,1,-40.0,-67.0,0.183215431984919,0.9630175903394159
J05,PLD3_TMEM106B_mCherry_primary,16,B_pilot,2,-31.0,-19.0,0.13941208463313204,0.9826378555075094
J05,PLD3_TMEM106B_mCherry_primary,20,B_pilot,3,-9.0,-70.0,0.11903554314836237,0.9725312640418293
J05,PLD3_TMEM106B_mCherry_primary,25,B_pilot,4,78.0,0.0,0.09812326369087802,0.9728033472803347
J05,PLD3_TMEM106B_mCherry_primary,29,B_pilot,5,49.0,-21.0,0.07666441411770687,0.9757178474933329
J05,PLD3_TMEM106B_mCherry_primary,32,B_pilot,6,505.0,-91.0,0.059336580127023156,0.7977766252536039
J05,PLD3_TMEM106B_mCherry_primary,36,B_pilot,7,-47.0,-116.0,0.04935727304192563,0.943828792290829
J05,PLD3_TMEM106B_mCherry_primary,39,B_pilot,8,44.0,1957.0,0.019158387679414555,0.31276977332718653
J05,PLD3_TMEM106B_mCherry_primary,8,stable_subpixel,0,0.0,0.0,1.0,1.0
J05,PLD3_TMEM106B_mCherry_primary,12,stable_subpixel,1,0.0,-0.25,0.0021126020841513134,0.9999128312412832
J05,PLD3_TMEM106B_mCherry_primary,16,stable_subpixel,2,-0.05,920.0,-0.004841874564234369,0.6792071265870306
J05,PLD3_TMEM106B_mCherry_primary,20,stable_subpixel,3,1.9,-1297.25,0.0006373894580747281,0.5473184816977216
J05,PLD3_TMEM106B_mCherry_primary,25,stable_subpixel,4,0.0,0.2,0.004416392717599524,0.9999302649930265
J05,PLD3_TMEM106B_mCherry_primary,29,stable_subpixel,5,0.0,0.2,0.008509025191470593,0.9999302649930265
J05,PLD3_TMEM106B_mCherry_primary,32,stable_subpixel,6,2.0,-922.05,-0.0017804759553499562,0.6780310291603205
J05,PLD3_TMEM106B_mCherry_primary,36,stable_subpixel,7,0.05,0.0,0.001983835349117668,0.9999825662482565
J05,PLD3_TMEM106B_mCherry_primary,39,stable_subpixel,8,1026.0,-2.0,-0.0007956893471301255,0.641811534578643
M20,PLD3_mCherry_reporter_control,8,A_cli,0,0.0,0.0,1.0,1.0
M20,PLD3_mCherry_reporter_control,12,A_cli,1,0.0,1.1,0.003138629329547988,0.9996164574616457
M20,PLD3_mCherry_reporter_control,16,A_cli,2,0.0,-243.1,-0.0007459403917020282,0.91523709902371
M20,PLD3_mCherry_reporter_control,20,A_cli,3,1270.8,0.0,0.009311147316388494,0.5569037656903766
M20,PLD3_mCherry_reporter_control,25,A_cli,4,27.3,0.0,0.010393593067186301,0.9904811715481171
M20,PLD3_mCherry_reporter_control,29,A_cli,5,-312.9,0.0,-0.0013818127478963625,0.8908995815899582
M20,PLD3_mCherry_reporter_control,32,A_cli,6,-1218.8,0.0,-0.009393509002874825,0.5750348675034869
M20,PLD3_mCherry_reporter_control,36,A_cli,7,-1234.3,0.0,-0.006169292755799391,0.5696304044630405
M20,PLD3_mCherry_reporter_control,39,A_cli,8,-44.4,0.0,0.00010899253817321022,0.9845188284518829
M20,PLD3_mCherry_reporter_control,8,B_pilot,0,0.0,0.0,1.0,1.0
M20,PLD3_mCherry_reporter_control,12,B_pilot,1,-185.0,-43.0,0.17728207301015264,0.9214692154471308
M20,PLD3_mCherry_reporter_control,16,B_pilot,2,-79.0,-13.0,0.15815314432984254,0.9680467535776879
M20,PLD3_mCherry_reporter_control,20,B_pilot,3,-193.0,-39.0,0.12098993045116516,0.9200224815158464
M20,PLD3_mCherry_reporter_control,25,B_pilot,4,96.0,-14.0,0.11147311088409353,0.9618091419968138
M20,PLD3_mCherry_reporter_control,29,B_pilot,5,53.0,-19.0,0.10032787216792177,0.9750178227894392
M20,PLD3_mCherry_reporter_control,32,B_pilot,6,326.0,-60.0,0.08712870433198165,0.8677894294567672
M20,PLD3_mCherry_reporter_control,36,B_pilot,7,-211.0,-80.0,0.059854946793605375,0.9005877386989413
M20,PLD3_mCherry_reporter_control,39,B_pilot,8,523.0,99.0,0.05414871765039273,0.7894188798048587
M20,PLD3_mCherry_reporter_control,8,stable_subpixel,0,0.0,0.0,1.0,1.0
M20,PLD3_mCherry_reporter_control,12,stable_subpixel,1,-1.4,-0.05,0.0020720364594983922,0.9994944297096415
M20,PLD3_mCherry_reporter_control,16,stable_subpixel,2,-0.05,0.55,0.0023727932853256505,0.999790798322372
M20,PLD3_mCherry_reporter_control,20,stable_subpixel,3,920.9,1.0,0.01767418721871669,0.6786684431100451
M20,PLD3_mCherry_reporter_control,25,stable_subpixel,4,-1026.0,1.95,-0.011905163567683723,0.6418227315698255
M20,PLD3_mCherry_reporter_control,29,stable_subpixel,5,921.1,0.05,0.014555965486235941,0.6788235907352618
M20,PLD3_mCherry_reporter_control,32,stable_subpixel,6,920.9,1.0,0.0070492980614594815,0.6786684431100451
M20,PLD3_mCherry_reporter_control,36,stable_subpixel,7,-0.05,0.0,0.004436930261021727,0.9999825662482565
M20,PLD3_mCherry_reporter_control,39,stable_subpixel,8,922.05,0.95,0.01091649135509201,0.6782794355038719
N20,PLD3_TMEM106B_mCherry_primary,8,A_cli,0,0.0,0.0,1.0,1.0
N20,PLD3_TMEM106B_mCherry_primary,12,A_cli,1,0.0,748.3,5.661520172191436e-07,0.7390864714086471
N20,PLD3_TMEM106B_mCherry_primary,16,A_cli,2,1.1,1027.1,0.004159473743837322,0.6416296849864518
N20,PLD3_TMEM106B_mCherry_primary,20,A_cli,3,0.8,0.0,-0.0005961702003098334,0.9997210599721059
N20,PLD3_TMEM106B_mCherry_primary,25,A_cli,4,0.0,689.3,0.0033012925333400014,0.7596582984658298
N20,PLD3_TMEM106B_mCherry_primary,29,A_cli,5,0.0,58.7,0.006328740962538042,0.9795327754532775
N20,PLD3_TMEM106B_mCherry_primary,32,A_cli,6,-922.1,0.1,0.0012901451488263897,0.6784630932095416
N20,PLD3_TMEM106B_mCherry_primary,36,A_cli,7,0.0,-920.1,0.0003297756055144495,0.67918410041841
N20,PLD3_TMEM106B_mCherry_primary,39,A_cli,8,0.0,-1173.2,-0.006753378041736663,0.5909344490934448
N20,PLD3_TMEM106B_mCherry_primary,8,B_pilot,0,0.0,0.0,1.0,1.0
N20,PLD3_TMEM106B_mCherry_primary,12,B_pilot,1,-181.0,-34.0,0.1823738380321693,0.9257830356222366
N20,PLD3_TMEM106B_mCherry_primary,16,B_pilot,2,-76.0,-7.0,0.14269606811719007,0.9711246496229252
N20,PLD3_TMEM106B_mCherry_primary,20,B_pilot,3,-198.0,-25.0,0.10415235404419708,0.922847259910249
N20,PLD3_TMEM106B_mCherry_primary,25,B_pilot,4,98.0,-10.0,0.08184840477996538,0.9624622390286507
N20,PLD3_TMEM106B_mCherry_primary,29,B_pilot,5,52.0,-14.0,0.0806524470567455,0.977075953774541
N20,PLD3_TMEM106B_mCherry_primary,32,B_pilot,6,-1613.0,-866.0,0.023482266125687507,0.3054565940916845
N20,PLD3_TMEM106B_mCherry_primary,36,B_pilot,7,94.0,1487.0,0.03489022169193053,0.46573817957591
N20,PLD3_TMEM106B_mCherry_primary,39,B_pilot,8,1754.0,-343.0,0.030334952453739655,0.3419702133288205
N20,PLD3_TMEM106B_mCherry_primary,8,stable_subpixel,0,0.0,0.0,1.0,1.0
N20,PLD3_TMEM106B_mCherry_primary,12,stable_subpixel,1,1.0,-1028.0,-0.003101818355467626,0.641338367481117
N20,PLD3_TMEM106B_mCherry_primary,16,stable_subpixel,2,-920.9,-0.05,0.0015953781672030755,0.6788933245264924
N20,PLD3_TMEM106B_mCherry_primary,20,stable_subpixel,3,0.85,-0.1,-0.0010488925890475682,0.9996687690506897
N20,PLD3_TMEM106B_mCherry_primary,25,stable_subpixel,4,-0.1,0.85,0.012145752482244535,0.9996687690506897
N20,PLD3_TMEM106B_mCherry_primary,29,stable_subpixel,5,0.0,-0.55,0.002628662153614036,0.9998082287308229
N20,PLD3_TMEM106B_mCherry_primary,32,stable_subpixel,6,-922.1,0.1,0.0032176679622144453,0.6784630932095416
N20,PLD3_TMEM106B_mCherry_primary,36,stable_subpixel,7,0.0,-920.15,0.0009817091461782183,0.6791666666666667
N20,PLD3_TMEM106B_mCherry_primary,39,stable_subpixel,8,0.0,2.7,0.006249607272036632,0.9990585774058578
